<?xml version="1.0" encoding="UTF-8"?>
<metadata xml:lang="en"><Esri><CreaDate>20220916</CreaDate><CreaTime>10570800</CreaTime><ArcGISFormat>1.0</ArcGISFormat><SyncOnce>TRUE</SyncOnce><DataProperties><lineage><Process ToolSource="c:\program files (x86)\arcgis\desktop10.8\ArcToolbox\Toolboxes\3D Analyst Tools.tbx\FeatureTo3DByAttribute" Date="20220916" Time="105708">FeatureTo3DByAttribute C:\eHydro\products\SHP\YAQUINA\zip\temp_shpfile.shp C:\eHydro\products\SHP\YAQUINA\zip\YB_00_YBA_20220915_CS_contour_lines.shp Depth #</Process><Process ToolSource="c:\program files (x86)\arcgis\desktop10.8\ArcToolbox\Toolboxes\Editing Tools.tbx\Generalize" Date="20220916" Time="105708">Generalize C:\eHydro\products\SHP\YAQUINA\zip\YB_00_YBA_20220915_CS_contour_lines.shp "1 Feet"</Process></lineage></DataProperties></Esri></metadata>
